"Product","Region","Markettype","Price"
"1","0","0","10.85"
"177","0","0","6.52"
"178","0","0","7.6"
"180","0","0","6.52"
"182","0","0","10.85"
"12","0","0","7.32"
"184","0","0","11.8"
"186","0","0","12.02"
"64","0","0","7.54"
"187","0","0","10.92"
"65","0","0","6.57"
"189","0","0","6.93"
"179","0","0","12.12"
"73","0","0","7.6"
"74","0","0","10.85"
"75","0","0","6.52"
"185","0","0","12.02"
"76","0","0","7.54"
"190","0","0","5.57"
"181","0","0","9"
"144","0","0","30"
"52","0","0","12.5"
"173","0","0","6.1"
"94","0","0","12.99"
"90","0","0","4.8"
"3","0","0","5.9"
"25","0","0","3.7"
"54","0","0","9.5"
"22","0","0","20.5"
"192","0","0","19.9"
"193","0","0","19.9"
"34","0","0","19.9"
"71","0","0","6"
"72","0","0","7.3"
"157","0","0","7.3"
"146","0","0","6.99"
"227","0","0","5.9"
"208","0","0","11.9"
"107","0","0","7.7"
"69","0","0","14.8"
"97","0","0","7.9"
"164","0","0","7.99"
"128","0","0","26"
"231","0","0","12.9"
"147","0","0","6.75"
"35","0","0","9.9"
"57","0","0","9.3"
"210","0","0","11"
"209","0","0","5.5"
"15","0","0","15.76"
"85","0","0","7.99"
"122","0","0","9"
"217","0","0","11.99"
"214","0","0","11.99"
"215","0","0","11.99"
"216","0","0","11.99"
"213","0","0","4.55"
"212","0","0","4.55"
"133","0","0","49"
"16","0","0","17.3"
"170","0","0","14.5"
"169","0","0","15"
"165","0","0","8.85"
"6","0","0","31"
"156","0","0","9.99"
"77","0","0","12.1"
"41","0","0","3.99"
"140","0","0","2.67"
"161","0","0","5.5"
"95","0","0","7.4"
"92","0","0","7"
"162","0","0","6.5"
"47","0","0","3.5"
"24","0","0","4.84"
"159","0","0","4.4"
"26","0","0","13.4"
"160","0","0","5.4"
"158","0","0","6.2"
"44","0","0","12.5"
"112","0","0","9.2"
"36","0","0","12.5"
"113","0","0","9.2"
"224","0","0","3"
"236","0","0","64"
"237","0","0","73"
"234","0","0","39"
"235","0","0","55"
"114","0","0","22"
"106","0","0","5.79"
"91","0","0","7.99"
"88","0","0","6.35"
"93","0","0","7.27"
"99","0","0","30.37"
"134","0","0","12"
"100","0","0","8.55"
"126","0","0","8.55"
"11","0","0","5.5"
"9","0","0","10.6"
"10","0","0","5.5"
"14","0","0","7.89"
"171","0","0","8"
"13","0","0","4.2"
"59","0","0","9.4"
"58","0","0","9.4"
"108","0","0","14.54"
"188","0","0","90"
"42","0","0","7.75"
"118","0","0","7.5"
"43","0","0","9.5"
"117","0","0","2.9"
"201","0","0","1.6"
"200","0","0","1.6"
"27","0","0","1.6"
"2","0","0","1.6"
"199","0","0","1.6"
"198","0","0","1.6"
"228","0","0","6.9"
"203","0","0","9.9"
"204","0","0","4.5"
"205","0","0","6"
"232","0","0","7.9"
"40","0","0","5.17"
"60","0","0","4.59"
"79","0","0","7.2"
"123","0","0","7.2"
"124","0","0","6.9"
"80","0","0","6.9"
"78","0","0","11.66"
"98","0","0","29.9"
"86","0","0","8.36"
"172","0","0","8.99"
"148","0","0","11"
"23","0","0","11.29"
"61","0","0","8.75"
"191","0","0","6.99"
"120","0","0","4.39"
"116","0","0","5.14"
"87","0","0","10.9"
"81","0","0","11.5"
"149","0","0","11.15"
"207","0","0","3.99"
"230","0","0","3.5"
"135","0","0","36"
"83","0","0","7.3"
"163","0","0","7.9"
"183","0","0","18.9"
"18","0","0","14.55"
"7","0","0","13"
"226","0","0","10.19"
"233","0","0","90"
"28","0","0","14.5"
"141","0","0","18.7"
"89","0","0","10.4"
"96","0","0","10.9"
"103","0","0","44.69"
"109","0","0","44.69"
"110","0","0","44.69"
"127","0","0","44.69"
"129","0","0","44.69"
"111","0","0","102"
"151","0","0","5.1"
"222","0","0","0.9"
"223","0","0","1.1"
"102","0","0","12.74"
"32","0","0","19.99"
"45","0","0","6.55"
"46","0","0","4.85"
"152","0","0","9.6"
"176","0","0","18.5"
"33","0","0","18.5"
"168","0","0","13"
"19","0","0","6.8"
"195","0","0","5.3"
"196","0","0","5.3"
"197","0","0","5.3"
"48","0","0","7.95"
"125","0","0","5.3"
"194","0","0","5.3"
"30","0","0","27.45"
"67","0","0","23.8"
"4","0","0","5.3"
"20","0","0","5"
"121","0","0","17"
"139","0","0","47"
"53","0","0","15.99"
"82","0","0","18.5"
"219","0","0","35"
"218","0","0","35"
"220","0","0","11.15"
"221","0","0","11.15"
"136","0","0","40"
"225","0","0","3.39"
"62","0","0","5"
"37","0","0","4.25"
"38","0","0","5.7"
"63","0","0","5.45"
"66","0","0","9.7"
"115","0","0","10.4"
"17","0","0","15.76"
"101","0","0","7.05"
"137","0","0","42"
"138","0","0","44"
"55","0","0","5.4"
"31","0","0","9.5"
"56","0","0","15.1"
"50","0","0","4.6"
"70","0","0","4.4"
"211","0","0","5.5"
"229","0","0","5.9"
"8","0","0","4.8"
"104","0","0","5.39"
"5","0","0","7"
"21","0","0","5.7"
"153","0","0","11.5"
"29","0","0","10.55"
"39","0","0","4.8"
"84","0","0","6.7"
"105","0","0","10.4"
"119","0","0","9.05"
"206","0","0","2.55"
"68","0","0","27"
"51","0","0","17.75"
"49","0","0","8"
"154","0","0","6.45"
"155","0","0","9"
"12","0","1","7.32"
"184","0","1","11.8"
"73","0","1","7.6"
"181","0","1","9"
"52","0","1","12.5"
"90","0","1","4.8"
"25","0","1","3.7"
"202","0","1","20.5"
"192","0","1","19.9"
"193","0","1","19.9"
"34","0","1","19.9"
"157","0","1","7.3"
"107","0","1","7.7"
"97","0","1","7.99"
"164","0","1","7.9"
"35","0","1","9.9"
"57","0","1","9.3"
"15","0","1","15.76"
"16","0","1","17.3"
"170","0","1","14.5"
"169","0","1","15"
"165","0","1","8.85"
"156","0","1","9.99"
"77","0","1","12.1"
"24","0","1","4.84"
"159","0","1","4.4"
"26","0","1","13.4"
"160","0","1","5.4"
"158","0","1","6.2"
"44","0","1","12.5"
"36","0","1","12.5"
"106","0","1","5.79"
"126","0","1","8.55"
"11","0","1","5.5"
"9","0","1","10.6"
"10","0","1","5.5"
"171","0","1","8"
"108","0","1","14.54"
"43","0","1","9.5"
"201","0","1","1.6"
"200","0","1","1.6"
"27","0","1","1.6"
"2","0","1","1.6"
"199","0","1","1.6"
"198","0","1","1.6"
"98","0","1","29.9"
"23","0","1","11.29"
"61","0","1","8.75"
"191","0","1","6.99"
"116","0","1","5.14"
"163","0","1","7.9"
"183","0","1","18.9"
"18","0","1","14.55"
"89","0","1","10.4"
"45","0","1","6.55"
"46","0","1","4.85"
"168","0","1","13"
"195","0","1","5.3"
"196","0","1","5.3"
"197","0","1","5.3"
"48","0","1","7.95"
"125","0","1","5.3"
"194","0","1","5.3"
"4","0","1","5.3"
"121","0","1","17"
"139","0","1","47"
"53","0","1","15.99"
"62","0","1","5"
"37","0","1","4.25"
"38","0","1","5.7"
"63","0","1","5.45"
"66","0","1","9.7"
"17","0","1","15.76"
"70","0","1","4.4"
"21","0","1","5.7"
"29","0","1","10.55"
"39","0","1","4.8"
"84","0","1","6.7"
"51","0","1","17.75"
"49","0","1","8"
"1","1","0","11.25"
"177","1","0","6.75"
"178","1","0","7.85"
"180","1","0","6.75"
"182","1","0","11.25"
"12","1","0","7.32"
"184","1","0","11.8"
"186","1","0","12.02"
"64","1","0","7.54"
"187","1","0","11.3"
"65","1","0","6.8"
"189","1","0","7.15"
"179","1","0","12.55"
"73","1","0","7.85"
"74","1","0","11.25"
"75","1","0","6.75"
"185","1","0","12.45"
"76","1","0","7.54"
"190","1","0","5.75"
"181","1","0","9"
"144","1","0","31.05"
"52","1","0","12.5"
"173","1","0","6.3"
"94","1","0","12.99"
"90","1","0","4.8"
"3","1","0","6.1"
"25","1","0","3.85"
"54","1","0","9.85"
"22","1","0","21.22"
"192","1","0","19.9"
"193","1","0","19.9"
"34","1","0","19.9"
"71","1","0","6"
"72","1","0","7.59"
"157","1","0","7.59"
"146","1","0","6.99"
"227","1","0","6.08"
"208","1","0","12.26"
"107","1","0","7.7"
"69","1","0","14.8"
"97","1","0","7.99"
"164","1","0","7.9"
"128","1","0","26"
"231","1","0","13.29"
"147","1","0","6.75"
"35","1","0","9.9"
"57","1","0","9.65"
"210","1","0","11.33"
"209","1","0","5.67"
"15","1","0","15.76"
"85","1","0","8.27"
"122","1","0","9.3"
"217","1","0","12.35"
"214","1","0","12.35"
"215","1","0","12.35"
"216","1","0","12.35"
"213","1","0","4.69"
"212","1","0","4.69"
"133","1","0","50.7"
"16","1","0","17.3"
"170","1","0","15"
"169","1","0","15.5"
"165","1","0","9.15"
"6","1","0","31"
"156","1","0","9.99"
"77","1","0","12.5"
"41","1","0","4.15"
"140","1","0","2.75"
"161","1","0","5.7"
"95","1","0","7.4"
"92","1","0","7"
"162","1","0","6.5"
"47","1","0","3.6"
"24","1","0","5"
"159","1","0","4.4"
"26","1","0","13.85"
"160","1","0","5.4"
"158","1","0","6.2"
"44","1","0","12.94"
"112","1","0","9.5"
"36","1","0","12.5"
"113","1","0","9.5"
"224","1","0","3.09"
"236","1","0","65.92"
"237","1","0","75.19"
"234","1","0","40.17"
"235","1","0","56.65"
"114","1","0","22.75"
"106","1","0","5.79"
"91","1","0","8.25"
"88","1","0","6.55"
"93","1","0","7.49"
"99","1","0","31.45"
"134","1","0","12.4"
"100","1","0","8.85"
"126","1","0","8.55"
"11","1","0","5.5"
"9","1","0","10.6"
"10","1","0","5.7"
"14","1","0","7.89"
"171","1","0","8"
"13","1","0","4.35"
"59","1","0","9.75"
"58","1","0","9.75"
"108","1","0","14.54"
"188","1","0","93.15"
"42","1","0","8"
"118","1","0","7.5"
"43","1","0","9.85"
"117","1","0","3"
"201","1","0","1.6"
"200","1","0","1.6"
"27","1","0","1.65"
"2","1","0","1.6"
"199","1","0","1.6"
"198","1","0","1.6"
"228","1","0","7.11"
"203","1","0","10.2"
"204","1","0","4.64"
"205","1","0","6.18"
"232","1","0","8.14"
"40","1","0","5.17"
"60","1","0","4.75"
"79","1","0","7.45"
"123","1","0","7.45"
"124","1","0","7.18"
"80","1","0","7.18"
"78","1","0","12.05"
"98","1","0","29.9"
"86","1","0","8.36"
"172","1","0","9.3"
"148","1","0","11.4"
"23","1","0","11.29"
"61","1","0","8.75"
"191","1","0","6.99"
"120","1","0","4.55"
"116","1","0","5.14"
"87","1","0","11.3"
"81","1","0","11.9"
"149","1","0","11.55"
"207","1","0","4.11"
"230","1","0","3.61"
"135","1","0","37.35"
"83","1","0","7.55"
"163","1","0","8.2"
"183","1","0","18.9"
"18","1","0","14.55"
"7","1","0","13.45"
"226","1","0","10.5"
"233","1","0","92.7"
"28","1","0","15"
"141","1","0","19.35"
"89","1","0","10.4"
"96","1","0","10.9"
"103","1","0","46.25"
"109","1","0","46.25"
"110","1","0","46.25"
"127","1","0","46.25"
"129","1","0","46.25"
"111","1","0","105.55"
"151","1","0","5.3"
"222","1","0","0.93"
"223","1","0","1.13"
"102","1","0","13.2"
"32","1","0","20.7"
"45","1","0","6.55"
"46","1","0","4.85"
"152","1","0","9.94"
"176","1","0","19.15"
"33","1","0","19.15"
"168","1","0","13"
"19","1","0","7.05"
"195","1","0","5.3"
"196","1","0","5.3"
"197","1","0","5.3"
"48","1","0","7.95"
"125","1","0","5.3"
"194","1","0","5.3"
"30","1","0","28.4"
"67","1","0","24.65"
"4","1","0","5.3"
"20","1","0","5.15"
"121","1","0","17"
"139","1","0","48.65"
"53","1","0","15.99"
"82","1","0","19.15"
"219","1","0","36.05"
"218","1","0","36.05"
"220","1","0","11.48"
"221","1","0","11.48"
"136","1","0","41.6"
"225","1","0","3.49"
"62","1","0","5.15"
"37","1","0","4.25"
"38","1","0","5.9"
"63","1","0","5.45"
"66","1","0","9.7"
"115","1","0","10.4"
"17","1","0","15.76"
"101","1","0","7.3"
"137","1","0","43.45"
"138","1","0","45.7"
"55","1","0","5.6"
"31","1","0","9.85"
"56","1","0","15.65"
"50","1","0","4.76"
"70","1","0","4.4"
"211","1","0","5.67"
"229","1","0","6.08"
"8","1","0","4.95"
"104","1","0","5.6"
"5","1","0","7.25"
"21","1","0","5.9"
"153","1","0","11.9"
"29","1","0","10.9"
"39","1","0","4.95"
"84","1","0","6.7"
"105","1","0","10.75"
"119","1","0","9.35"
"206","1","0","2.63"
"68","1","0","27.95"
"51","1","0","17.75"
"49","1","0","8"
"154","1","0","6.7"
"155","1","0","9"
"12","1","1","7.32"
"184","1","1","11.8"
"73","1","1","7.6"
"181","1","1","9"
"52","1","1","12.5"
"90","1","1","4.8"
"25","1","1","3.7"
"202","1","1","20.5"
"192","1","1","19.9"
"193","1","1","19.9"
"34","1","1","19.9"
"157","1","1","7.3"
"107","1","1","7.7"
"97","1","1","7.99"
"164","1","1","7.9"
"35","1","1","9.9"
"57","1","1","9.3"
"15","1","1","15.76"
"16","1","1","17.3"
"170","1","1","14.5"
"169","1","1","15"
"165","1","1","8.85"
"156","1","1","9.99"
"77","1","1","12.1"
"24","1","1","4.84"
"159","1","1","4.4"
"26","1","1","13.4"
"160","1","1","5.4"
"158","1","1","6.2"
"44","1","1","12.5"
"36","1","1","12.5"
"106","1","1","5.79"
"126","1","1","8.55"
"11","1","1","5.5"
"9","1","1","10.6"
"10","1","1","5.5"
"171","1","1","8"
"108","1","1","14.54"
"43","1","1","9.5"
"201","1","1","1.6"
"200","1","1","1.6"
"27","1","1","1.6"
"2","1","1","1.6"
"199","1","1","1.6"
"198","1","1","1.6"
"98","1","1","29.9"
"23","1","1","11.29"
"61","1","1","8.75"
"191","1","1","6.99"
"116","1","1","5.14"
"163","1","1","7.9"
"183","1","1","18.9"
"18","1","1","14.55"
"89","1","1","10.4"
"45","1","1","6.55"
"46","1","1","4.85"
"168","1","1","13"
"195","1","1","5.3"
"196","1","1","5.3"
"197","1","1","5.3"
"48","1","1","7.95"
"125","1","1","5.3"
"194","1","1","5.3"
"4","1","1","5.3"
"121","1","1","17"
"139","1","1","47"
"53","1","1","15.99"
"62","1","1","5"
"37","1","1","4.25"
"38","1","1","5.7"
"63","1","1","5.45"
"66","1","1","9.7"
"17","1","1","15.76"
"70","1","1","4.4"
"21","1","1","5.7"
"29","1","1","10.55"
"39","1","1","4.8"
"84","1","1","6.7"
"51","1","1","17.75"
"49","1","1","8"
"1","2","0","11.45"
"177","2","0","6.9"
"178","2","0","8"
"180","2","0","6.9"
"182","2","0","11.45"
"12","2","0","7.32"
"184","2","0","11.8"
"186","2","0","12.02"
"64","2","0","7.54"
"187","2","0","11.5"
"65","2","0","6.95"
"189","2","0","7.3"
"179","2","0","12.8"
"73","2","0","8"
"74","2","0","11.45"
"75","2","0","6.9"
"185","2","0","12.7"
"76","2","0","7.54"
"190","2","0","5.85"
"181","2","0","9"
"144","2","0","31.65"
"52","2","0","12.5"
"173","2","0","6.45"
"94","2","0","12.99"
"90","2","0","4.8"
"3","2","0","6.2"
"25","2","0","3.9"
"54","2","0","10"
"22","2","0","21.53"
"192","2","0","19.9"
"193","2","0","19.9"
"34","2","0","19.9"
"71","2","0","6"
"72","2","0","7.59"
"157","2","0","7.59"
"146","2","0","6.99"
"227","2","0","6.2"
"208","2","0","12.5"
"107","2","0","7.7"
"69","2","0","14.8"
"97","2","0","7.99"
"164","2","0","7.9"
"128","2","0","26"
"231","2","0","13.55"
"147","2","0","6.75"
"35","2","0","9.9"
"57","2","0","9.8"
"210","2","0","11.55"
"209","2","0","5.78"
"15","2","0","15.76"
"85","2","0","8.39"
"122","2","0","9.5"
"217","2","0","12.59"
"214","2","0","12.59"
"215","2","0","12.59"
"216","2","0","12.59"
"213","2","0","4.78"
"212","2","0","4.78"
"133","2","0","51.7"
"16","2","0","17.3"
"170","2","0","15.3"
"169","2","0","15.8"
"165","2","0","9.35"
"6","2","0","31"
"156","2","0","9.99"
"77","2","0","12.75"
"41","2","0","4.2"
"140","2","0","2.8"
"161","2","0","5.8"
"95","2","0","7.4"
"92","2","0","7"
"162","2","0","6.5"
"47","2","0","3.7"
"24","2","0","5.1"
"159","2","0","4.4"
"26","2","0","14.15"
"160","2","0","5.4"
"158","2","0","6.2"
"44","2","0","13.13"
"112","2","0","9.7"
"36","2","0","12.5"
"113","2","0","9.7"
"224","2","0","3.15"
"236","2","0","67.2"
"237","2","0","76.65"
"234","2","0","40.95"
"235","2","0","57.75"
"114","2","0","23.2"
"106","2","0","5.79"
"91","2","0","8.45"
"88","2","0","6.7"
"93","2","0","7.49"
"99","2","0","32.05"
"134","2","0","12.65"
"100","2","0","9"
"126","2","0","8.55"
"11","2","0","5.5"
"9","2","0","10.6"
"10","2","0","5.8"
"14","2","0","7.89"
"171","2","0","8"
"13","2","0","4.45"
"59","2","0","9.9"
"58","2","0","9.9"
"108","2","0","14.54"
"188","2","0","94.95"
"42","2","0","8.2"
"118","2","0","7.5"
"43","2","0","10"
"117","2","0","3.05"
"201","2","0","1.6"
"200","2","0","1.6"
"27","2","0","1.7"
"2","2","0","1.6"
"199","2","0","1.6"
"198","2","0","1.6"
"228","2","0","7.25"
"203","2","0","10.4"
"204","2","0","4.73"
"205","2","0","6.3"
"232","2","0","8.3"
"40","2","0","5.17"
"60","2","0","4.85"
"79","2","0","7.6"
"123","2","0","7.6"
"124","2","0","7.18"
"80","2","0","7.18"
"78","2","0","12.3"
"98","2","0","29.9"
"86","2","0","8.36"
"172","2","0","9.5"
"148","2","0","11.6"
"23","2","0","11.29"
"61","2","0","8.75"
"191","2","0","6.99"
"120","2","0","4.65"
"116","2","0","5.14"
"87","2","0","11.5"
"81","2","0","12.15"
"149","2","0","11.75"
"207","2","0","4.19"
"230","2","0","3.68"
"135","2","0","38.15"
"83","2","0","7.7"
"163","2","0","8.35"
"183","2","0","18.9"
"18","2","0","14.55"
"7","2","0","13.7"
"226","2","0","10.7"
"233","2","0","94.5"
"28","2","0","15.3"
"141","2","0","19.75"
"89","2","0","10.4"
"96","2","0","10.9"
"103","2","0","47.15"
"109","2","0","47.15"
"110","2","0","47.15"
"127","2","0","47.15"
"129","2","0","47.15"
"111","2","0","107.6"
"151","2","0","5.4"
"222","2","0","0.95"
"223","2","0","1.16"
"102","2","0","13.45"
"32","2","0","21.1"
"45","2","0","6.55"
"46","2","0","4.85"
"152","2","0","10.08"
"176","2","0","19.5"
"33","2","0","19.5"
"168","2","0","13"
"19","2","0","7.15"
"195","2","0","5.3"
"196","2","0","5.3"
"197","2","0","5.3"
"48","2","0","7.95"
"125","2","0","5.3"
"194","2","0","5.3"
"30","2","0","28.95"
"67","2","0","25.1"
"4","2","0","5.3"
"20","2","0","5.25"
"121","2","0","17"
"139","2","0","49.6"
"53","2","0","15.99"
"82","2","0","19.5"
"219","2","0","36.75"
"218","2","0","36.75"
"220","2","0","11.71"
"221","2","0","11.71"
"136","2","0","42.5"
"225","2","0","3.56"
"62","2","0","5.25"
"37","2","0","4.25"
"38","2","0","6"
"63","2","0","5.45"
"66","2","0","9.7"
"115","2","0","10.4"
"17","2","0","15.76"
"101","2","0","7.45"
"137","2","0","44.3"
"138","2","0","46.8"
"55","2","0","5.7"
"31","2","0","10"
"56","2","0","15.95"
"50","2","0","4.83"
"70","2","0","4.4"
"211","2","0","5.78"
"229","2","0","6.2"
"8","2","0","5.05"
"104","2","0","5.7"
"5","2","0","7.4"
"21","2","0","6"
"153","2","0","11.5"
"29","2","0","11.15"
"39","2","0","5.05"
"84","2","0","6.7"
"105","2","0","10.95"
"119","2","0","9.55"
"206","2","0","2.68"
"68","2","0","28.35"
"51","2","0","17.75"
"49","2","0","8"
"154","2","0","6.8"
"155","2","0","9"
"12","2","1","7.32"
"184","2","1","11.8"
"73","2","1","7.6"
"181","2","1","9"
"52","2","1","12.5"
"90","2","1","4.8"
"25","2","1","3.7"
"202","2","1","20.5"
"192","2","1","19.9"
"193","2","1","19.9"
"34","2","1","19.9"
"157","2","1","7.3"
"107","2","1","7.7"
"97","2","1","7.99"
"164","2","1","7.9"
"35","2","1","9.9"
"57","2","1","9.3"
"15","2","1","15.76"
"16","2","1","17.3"
"170","2","1","14.5"
"169","2","1","15"
"165","2","1","8.85"
"156","2","1","9.99"
"77","2","1","12.1"
"24","2","1","4.84"
"159","2","1","4.4"
"26","2","1","13.4"
"160","2","1","5.4"
"158","2","1","6.2"
"44","2","1","12.5"
"36","2","1","12.5"
"106","2","1","5.79"
"126","2","1","8.55"
"11","2","1","5.5"
"9","2","1","10.6"
"10","2","1","5.5"
"171","2","1","8"
"108","2","1","14.54"
"43","2","1","9.5"
"201","2","1","1.6"
"200","2","1","1.6"
"27","2","1","1.6"
"2","2","1","1.6"
"199","2","1","1.6"
"198","2","1","1.6"
"98","2","1","29.9"
"23","2","1","11.29"
"61","2","1","8.75"
"191","2","1","6.99"
"116","2","1","5.14"
"163","2","1","7.9"
"183","2","1","18.9"
"18","2","1","14.55"
"89","2","1","10.4"
"45","2","1","6.55"
"46","2","1","4.85"
"168","2","1","13"
"195","2","1","5.3"
"196","2","1","5.3"
"197","2","1","5.3"
"48","2","1","7.95"
"125","2","1","5.3"
"194","2","1","5.3"
"4","2","1","5.3"
"121","2","1","17"
"139","2","1","47"
"53","2","1","15.99"
"62","2","1","5"
"37","2","1","4.25"
"38","2","1","5.7"
"63","2","1","5.45"
"66","2","1","9.7"
"17","2","1","15.76"
"70","2","1","4.4"
"21","2","1","5.7"
"29","2","1","10.55"
"39","2","1","4.8"
"84","2","1","6.7"
"51","2","1","17.75"
"49","2","1","8"
"1","3","0","11.6"
"177","3","0","6.95"
"178","3","0","8.15"
"180","3","0","7"
"182","3","0","11.6"
"12","3","0","7.32"
"184","3","0","11.8"
"186","3","0","12.02"
"64","3","0","7.54"
"187","3","0","11.7"
"65","3","0","7.05"
"189","3","0","7.4"
"179","3","0","12.95"
"73","3","0","8.15"
"74","3","0","11.6"
"75","3","0","6.95"
"185","3","0","12.85"
"76","3","0","7.54"
"190","3","0","5.95"
"181","3","0","9"
"144","3","0","32.1"
"52","3","0","12.5"
"173","3","0","6.55"
"94","3","0","12.99"
"90","3","0","4.8"
"3","3","0","6.3"
"25","3","0","3.95"
"54","3","0","10.15"
"22","3","0","21.94"
"192","3","0","19.9"
"193","3","0","19.9"
"34","3","0","19.9"
"71","3","0","6"
"72","3","0","7.59"
"157","3","0","7.59"
"146","3","0","6.99"
"227","3","0","6.31"
"208","3","0","12.73"
"107","3","0","7.7"
"69","3","0","14.8"
"97","3","0","7.99"
"164","3","0","7.9"
"128","3","0","26"
"231","3","0","13.8"
"147","3","0","6.75"
"35","3","0","9.9"
"57","3","0","9.95"
"210","3","0","11.77"
"209","3","0","5.89"
"15","3","0","15.76"
"85","3","0","8.55"
"122","3","0","9.65"
"217","3","0","12.83"
"214","3","0","12.83"
"215","3","0","12.83"
"216","3","0","12.83"
"213","3","0","4.87"
"212","3","0","4.87"
"133","3","0","52.45"
"16","3","0","17.3"
"170","3","0","15.5"
"169","3","0","16.05"
"165","3","0","9.45"
"6","3","0","31"
"156","3","0","9.99"
"77","3","0","12.95"
"41","3","0","4.25"
"140","3","0","2.85"
"161","3","0","5.9"
"95","3","0","7.4"
"92","3","0","7"
"162","3","0","6.5"
"47","3","0","3.75"
"24","3","0","5.2"
"159","3","0","4.4"
"26","3","0","14.35"
"160","3","0","5.4"
"158","3","0","6.2"
"44","3","0","13.38"
"112","3","0","9.85"
"36","3","0","12.5"
"113","3","0","9.85"
"224","3","0","3.21"
"236","3","0","68.48"
"237","3","0","78.11"
"234","3","0","41.73"
"235","3","0","58.85"
"114","3","0","23.55"
"106","3","0","5.79"
"91","3","0","8.55"
"88","3","0","6.8"
"93","3","0","7.49"
"99","3","0","32.5"
"134","3","0","12.85"
"100","3","0","9.15"
"126","3","0","8.55"
"11","3","0","5.5"
"9","3","0","10.6"
"10","3","0","5.9"
"14","3","0","7.89"
"171","3","0","8"
"13","3","0","4.5"
"59","3","0","10.05"
"58","3","0","10.05"
"108","3","0","14.54"
"188","3","0","96.3"
"42","3","0","8.3"
"118","3","0","7.5"
"43","3","0","10.15"
"117","3","0","3.1"
"201","3","0","1.6"
"200","3","0","1.6"
"27","3","0","1.7"
"2","3","0","1.6"
"199","3","0","1.6"
"198","3","0","1.6"
"228","3","0","7.38"
"203","3","0","10.59"
"204","3","0","4.82"
"205","3","0","6.42"
"232","3","0","8.45"
"40","3","0","5.17"
"60","3","0","4.9"
"79","3","0","7.7"
"123","3","0","7.7"
"124","3","0","7.18"
"80","3","0","7.18"
"78","3","0","12.5"
"98","3","0","29.9"
"86","3","0","8.36"
"172","3","0","9.6"
"148","3","0","11.75"
"23","3","0","11.29"
"61","3","0","8.75"
"191","3","0","6.99"
"120","3","0","4.7"
"116","3","0","5.14"
"87","3","0","11.65"
"81","3","0","12.3"
"149","3","0","11.95"
"207","3","0","4.27"
"230","3","0","3.75"
"135","3","0","38.55"
"83","3","0","7.8"
"163","3","0","8.45"
"183","3","0","18.9"
"18","3","0","14.55"
"7","3","0","13.9"
"226","3","0","10.9"
"233","3","0","96.3"
"28","3","0","15.5"
"141","3","0","20"
"89","3","0","10.4"
"96","3","0","10.9"
"103","3","0","47.8"
"109","3","0","47.8"
"110","3","0","47.8"
"127","3","0","47.8"
"129","3","0","47.8"
"111","3","0","109.15"
"151","3","0","5.45"
"222","3","0","0.96"
"223","3","0","1.18"
"102","3","0","13.65"
"32","3","0","21.4"
"45","3","0","6.55"
"46","3","0","4.85"
"152","3","0","10.27"
"176","3","0","19.8"
"33","3","0","19.8"
"168","3","0","13"
"19","3","0","7.3"
"195","3","0","5.3"
"196","3","0","5.3"
"197","3","0","5.3"
"48","3","0","7.95"
"125","3","0","5.3"
"194","3","0","5.3"
"30","3","0","29.35"
"67","3","0","25.45"
"4","3","0","5.3"
"20","3","0","5.35"
"121","3","0","17"
"139","3","0","50.3"
"53","3","0","15.99"
"82","3","0","19.8"
"219","3","0","37.45"
"218","3","0","37.45"
"220","3","0","11.93"
"221","3","0","11.93"
"136","3","0","43"
"225","3","0","3.63"
"62","3","0","5.35"
"37","3","0","4.25"
"38","3","0","6.1"
"63","3","0","5.45"
"66","3","0","9.7"
"115","3","0","10.4"
"17","3","0","15.76"
"101","3","0","7.55"
"137","3","0","44.95"
"138","3","0","47.3"
"55","3","0","5.8"
"31","3","0","10.15"
"56","3","0","16.15"
"50","3","0","4.92"
"70","3","0","4.4"
"211","3","0","5.89"
"229","3","0","6.31"
"8","3","0","5.15"
"104","3","0","5.75"
"5","3","0","7.5"
"21","3","0","6.1"
"153","3","0","12.3"
"29","3","0","11.3"
"39","3","0","5.15"
"84","3","0","6.7"
"105","3","0","11.15"
"119","3","0","9.7"
"206","3","0","2.73"
"68","3","0","28.89"
"51","3","0","17.75"
"49","3","0","8"
"154","3","0","6.9"
"155","3","0","9"
"12","3","1","7.32"
"184","3","1","11.8"
"73","3","1","7.6"
"181","3","1","9"
"52","3","1","12.5"
"90","3","1","4.8"
"25","3","1","3.7"
"202","3","1","20.5"
"192","3","1","19.9"
"193","3","1","19.9"
"34","3","1","19.9"
"157","3","1","7.3"
"107","3","1","7.7"
"97","3","1","7.99"
"164","3","1","7.9"
"35","3","1","9.9"
"57","3","1","9.3"
"15","3","1","15.76"
"16","3","1","17.3"
"170","3","1","14.5"
"169","3","1","15"
"165","3","1","8.85"
"156","3","1","9.99"
"77","3","1","12.1"
"24","3","1","4.84"
"159","3","1","4.4"
"26","3","1","13.4"
"160","3","1","5.4"
"158","3","1","6.2"
"44","3","1","12.5"
"36","3","1","12.5"
"106","3","1","5.79"
"126","3","1","8.55"
"11","3","1","5.5"
"9","3","1","10.6"
"10","3","1","5.5"
"171","3","1","8"
"108","3","1","14.54"
"43","3","1","9.5"
"201","3","1","1.6"
"200","3","1","1.6"
"27","3","1","1.6"
"2","3","1","1.6"
"199","3","1","1.6"
"198","3","1","1.6"
"98","3","1","29.9"
"23","3","1","11.29"
"61","3","1","8.75"
"191","3","1","6.99"
"116","3","1","5.14"
"163","3","1","7.9"
"183","3","1","18.9"
"18","3","1","14.55"
"89","3","1","10.4"
"45","3","1","6.55"
"46","3","1","4.85"
"168","3","1","13"
"195","3","1","5.3"
"196","3","1","5.3"
"197","3","1","5.3"
"48","3","1","7.95"
"125","3","1","5.3"
"194","3","1","5.3"
"4","3","1","5.3"
"121","3","1","17"
"139","3","1","47"
"53","3","1","15.99"
"62","3","1","5"
"37","3","1","4.25"
"38","3","1","5.7"
"63","3","1","5.45"
"66","3","1","9.7"
"17","3","1","15.76"
"70","3","1","4.4"
"21","3","1","5.7"
"29","3","1","10.55"
"39","3","1","4.8"
"84","3","1","6.7"
"51","3","1","17.75"
"49","3","1","8"
"177","4","0","11.7"
"1","4","0","7.05"
"178","4","0","8.2"
"180","4","0","7.05"
"182","4","0","11.7"
"184","4","0","7.32"
"12","4","0","11.8"
"186","4","0","12.02"
"64","4","0","7.54"
"187","4","0","11.8"
"65","4","0","7.1"
"189","4","0","7.5"
"179","4","0","13.1"
"73","4","0","8.2"
"74","4","0","11.7"
"75","4","0","7.05"
"185","4","0","13"
"76","4","0","7.54"
"190","4","0","6"
"181","4","0","9"
"144","4","0","32.4"
"52","4","0","12.5"
"173","4","0","6.6"
"94","4","0","12.99"
"90","4","0","4.8"
"3","4","0","6.35"
"25","4","0","4"
"54","4","0","10.25"
"22","4","0","22.14"
"192","4","0","19.9"
"193","4","0","19.9"
"34","4","0","19.9"
"71","4","0","6"
"72","4","0","7.59"
"157","4","0","7.59"
"146","4","0","6.99"
"227","4","0","6.37"
"208","4","0","12.85"
"107","4","0","7.7"
"69","4","0","14.8"
"97","4","0","7.99"
"164","4","0","7.9"
"128","4","0","26"
"231","4","0","13.93"
"147","4","0","7.29"
"35","4","0","9.9"
"57","4","0","10.05"
"210","4","0","11.88"
"209","4","0","5.94"
"15","4","0","15.76"
"85","4","0","8.63"
"122","4","0","9.7"
"217","4","0","12.95"
"214","4","0","12.95"
"215","4","0","12.95"
"216","4","0","12.95"
"213","4","0","4.91"
"212","4","0","4.91"
"133","4","0","52.9"
"16","4","0","17.3"
"170","4","0","15.65"
"169","4","0","16.2"
"165","4","0","9.55"
"6","4","0","31"
"156","4","0","9.99"
"77","4","0","13.05"
"41","4","0","4.3"
"140","4","0","2.9"
"161","4","0","5.95"
"95","4","0","7.4"
"92","4","0","7"
"162","4","0","6.5"
"47","4","0","3.8"
"24","4","0","5.2"
"159","4","0","4.4"
"26","4","0","14.45"
"160","4","0","5.4"
"158","4","0","6.2"
"44","4","0","13.5"
"112","4","0","9.95"
"36","4","0","12.5"
"113","4","0","9.95"
"224","4","0","3.24"
"236","4","0","69.12"
"237","4","0","78.84"
"234","4","0","42.12"
"235","4","0","59.4"
"114","4","0","23.75"
"106","4","0","5.79"
"91","4","0","8.65"
"88","4","0","6.85"
"93","4","0","7.49"
"99","4","0","32.8"
"134","4","0","12.95"
"100","4","0","9.25"
"126","4","0","8.55"
"11","4","0","5.5"
"9","4","0","10.6"
"10","4","0","5.95"
"14","4","0","7.89"
"171","4","0","8"
"13","4","0","4.55"
"59","4","0","10.15"
"58","4","0","10.15"
"108","4","0","14.54"
"188","4","0","97.2"
"42","4","0","8.35"
"118","4","0","7.5"
"43","4","0","10.25"
"117","4","0","3.15"
"201","4","0","1.6"
"200","4","0","1.6"
"27","4","0","1.75"
"2","4","0","1.6"
"199","4","0","1.6"
"198","4","0","1.6"
"228","4","0","7.45"
"203","4","0","10.69"
"204","4","0","4.86"
"205","4","0","6.48"
"232","4","0","8.53"
"40","4","0","5.17"
"60","4","0","4.95"
"79","4","0","7.8"
"123","4","0","7.8"
"124","4","0","7.18"
"80","4","0","7.18"
"78","4","0","12.6"
"98","4","0","29.9"
"86","4","0","8.36"
"172","4","0","9.7"
"148","4","0","11.9"
"23","4","0","11.29"
"61","4","0","8.75"
"191","4","0","6.99"
"120","4","0","4.75"
"116","4","0","5.14"
"87","4","0","11.75"
"81","4","0","12.4"
"149","4","0","11.15"
"207","4","0","4.31"
"230","4","0","3.78"
"135","4","0","38.95"
"83","4","0","7.9"
"163","4","0","8.55"
"183","4","0","18.9"
"18","4","0","14.55"
"7","4","0","14.05"
"226","4","0","11.01"
"233","4","0","97.2"
"28","4","0","15.65"
"141","4","0","20.2"
"89","4","0","10.4"
"96","4","0","10.9"
"103","4","0","48.25"
"109","4","0","48.25"
"110","4","0","48.25"
"127","4","0","48.25"
"129","4","0","48.25"
"111","4","0","110.15"
"151","4","0","5.5"
"222","4","0","0.97"
"223","4","0","1.19"
"102","4","0","13.75"
"32","4","0","21.6"
"45","4","0","6.55"
"46","4","0","4.85"
"152","4","0","9.6"
"176","4","0","20"
"33","4","0","20"
"168","4","0","13"
"19","4","0","7.35"
"195","4","0","5.3"
"196","4","0","5.3"
"197","4","0","5.3"
"48","4","0","7.95"
"125","4","0","5.3"
"194","4","0","5.3"
"30","4","0","29.65"
"67","4","0","25.7"
"4","4","0","5.3"
"20","4","0","5.4"
"121","4","0","17"
"139","4","0","50.75"
"53","4","0","15.99"
"82","4","0","20"
"219","4","0","37.8"
"218","4","0","37.8"
"220","4","0","12.04"
"221","4","0","12.04"
"136","4","0","43.5"
"225","4","0","3.66"
"62","4","0","5.4"
"37","4","0","4.25"
"38","4","0","6.15"
"63","4","0","5.45"
"66","4","0","9.7"
"115","4","0","10.4"
"17","4","0","15.76"
"101","4","0","7.6"
"137","4","0","45.35"
"138","4","0","47.8"
"55","4","0","5.85"
"31","4","0","10.25"
"56","4","0","16.3"
"50","4","0","4.97"
"70","4","0","4.4"
"211","4","0","5.94"
"229","4","0","6.37"
"8","4","0","5.2"
"104","4","0","5.8"
"5","4","0","7.55"
"21","4","0","6.15"
"153","4","0","12.4"
"29","4","0","11.4"
"39","4","0","5.2"
"84","4","0","6.7"
"105","4","0","11.25"
"119","4","0","9.75"
"206","4","0","2.75"
"68","4","0","29.16"
"51","4","0","17.75"
"49","4","0","8"
"154","4","0","6.95"
"155","4","0","9.72"
